Codigo,Descripcion,Precio,Marca_Codigo,Clasificacion_Codigo
THHN-1-STR-BLK,#1 THHN Stranded Black,1.97655,BRD000,CLS009
XHHW-1-STR-BLK-AL,#1 XHHW Stranded Aluminum Black,0,BRD000,CLS009
THHN-10-STR-BLK,#10 THHN Stranded Black,0.34247,BRD000,CLS009
10/1THHN-7/0-BK-NG-1000-SP-Copperweld,#10 THHN Stranded Black Copper Clad,0,BRD000,CLS009
THHN-10-STR-BLU,#10 THHN Stranded Blue,0,BRD000,CLS009
10/1THHN-7/0-BL-NG-1000-SP-Copperweld,#10 THHN Stranded Blue Copper Clad,0,BRD000,CLS009
THHN-10-STR-GRN,#10 THHN Stranded Green,0.35882,BRD000,CLS009
10/1THHN-7/0-GN-NG-1000-SP-Copperweld,#10 THHN Stranded Green Copper Clad,0,BRD000,CLS009
10/1THHN-7/0-RD-NG-1000-SP-Copperweld,#10 THHN Stranded Red Copper Clad,0,BRD000,CLS009
THHN-10-STR-WHT,#10 THHN Stranded White,0.31244,BRD000,CLS009
10/1THHN-7/0-WT-NG-1000-SP-Copperweld,#10 THHN Stranded White Copper Clad,0,BRD000,CLS009
THHN-12-STR-BLK,#12 THHN Stranded Black,0.1809,BRD000,CLS009
THHN-12-STR-BLU,#12 THHN Stranded Blue,0.22393,BRD000,CLS009
THHN-12-STR-GRN,#12 THHN Stranded Green,0.18102,BRD000,CLS009
THHN-12-STR-RED,#12 THHN Stranded Red,0.18102,BRD000,CLS009
THHN-12-STR-WHT,#12 THHN Stranded White,0.1809,BRD000,CLS009
THHN-2-STR-BLK,#2 THHN Stranded Black,1.78001,BRD000,CLS009
XHHW-2-STR-BLK-AL,#2 XHHW Stranded Aluminum Black,0.52166,BRD000,CLS009
THHN-3-STR-BLK,#3 THHN Stranded Black,1.47475,BRD000,CLS009
REBAR,#3 x 2' Rebar,0,BRD000,CLS007
BS-4,#4 Butt Splice,3.51037,BRD000,CLS007
SBC-CU-4,#4 CU Split Bolt Connector,4.2504,BRD000,CLS011
SOLBARE-4,#4 Solid Bare Copper Wire,1.41118,BRD000,CLS009
THHN-4-STR-BLK,#4 THHN Stranded Black,1.46545,BRD000,CLS009
THHN-4-STR-GRN,#4 THHN Stranded Green,0,BRD000,CLS009
4/1THHN-7/0-GN-NG-1000-SP-Copperweld,#4 THHN Stranded Green Copper Clad,0,BRD000,CLS009
XHHW-4-STR-BLK-AL,#4 XHHW Stranded Aluminum Black,0.49974,BRD000,CLS009
THHN-6-STR-BLK,#6 THHN Stranded Black,0.77319,BRD000,CLS009
THHN-6-STR-GRN,#6 THHN Stranded Green,0.77318,BRD000,CLS009
THHN-6-STR-WHT,#6 THHN Stranded White,1.25994,BRD000,CLS009
PHBCDWS-6X114,#6 X 1-1/4 Phillips Head Bugle Coarse Drywall Screw,0.02011,BRD000,CLS011
SBC-CU-8,#8 CU Split Bolt Connector,3.289,BRD000,CLS011
THHN-8-STR-BLK,#8 THHN Stranded Black,0.50246,BRD000,CLS009
THHN-8-STR-GRN,#8 THHN Stranded Green,0,BRD000,CLS009
THHN-8-STR-WHT,#8 THHN Stranded White,0.5566,BRD000,CLS009
ENT-150,"1 1/2"" ENT",3.19501,BRD000,CLS008
ENT-MA-150,"1 1/2"" ENT Male Adapter",11.68804,BRD000,CLS008
LN-150,"1 1/2"" Locknut (50)",0.4492,BRD000,CLS011
PB-150,"1 1/2"" Plastic Bushing (25)",0.29905,BRD000,CLS007
PVC-90-150,"1 1/2"" PVC 90 (20)",3.79974,BRD000,CLS008
PVC-CC-150,"1 1/2"" PVC Conduit Cap (40)",3.65547,BRD000,CLS008
PVC-CP-150,"1 1/2"" PVC Coupling (25)",0.68791,BRD000,CLS008
PVC-FA-150,"1 1/2"" PVC Female Adapter",0.94495,BRD000,CLS008
PVC-MA-150,"1 1/2"" PVC Male Adapter (30)",0.93243,BRD000,CLS008
PVC-SCH40-150,"1 1/2"" PVC SCH40",1.5368,BRD000,CLS008
PVC-SCH80-150,"1 1/2"" PVC SCH80",2.51052,BRD000,CLS008
SS-150,"1 1/2"" Strut Strap",0,BRD000,CLS007
KO-125,"1 1/4"" KO Seal",0.76178,BRD000,CLS007
LT-SC-125,"1 1/4"" Liquid Tight Straight Connector",8.2206,BRD000,CLS007
LN-125,"1 1/4"" Locknut (50)",0.26818,BRD000,CLS011
RS-1H-125,"1 1/4"" One Hole Rigid Strap",0.60884,BRD000,CLS007
PB-125,"1 1/4"" Plastic Bushing (25)",0.19962,BRD000,CLS007
PVC-2HS-125,"1 1/4"" PVC 2 Hole Strap",0.44338,BRD000,CLS008
PVC-90-125,"1 1/4"" PVC 90 (25)",2.88167,BRD000,CLS008
PVC-CP-125,"1 1/4"" PVC Coupling (50)",0.49967,BRD000,CLS008
PVC-LB-125,"1 1/4"" PVC LB (20)",7.9151,BRD000,CLS008
PVC-MA-125,"1 1/4"" PVC Male Adapter (50)",0.57102,BRD000,CLS008
PVC-SCH40-125,"1 1/4"" PVC SCH40",1.34438,BRD000,CLS008
SS-125,"1 1/4"" Strut Strap",0.99394,BRD000,CLS007
BB-1G-3H-05,"1 Gang Bell Box 3 Hole 1/2""",2.4288,BRD000,CLS010
BB-1G-3H-075,"1 Gang Bell Box 3 Hole 3/4""",2.783,BRD000,CLS010
BB-1G-5H-05,"1 Gang Bell Box 5 Hole 1/2""",0,BRD000,CLS010
BB-1G-5H-075,"1 Gang Bell Box 5 Hole 3/4""",6.61848,BRD000,CLS010
PHB-1G-22CI,1 Gang Horizontal Mount Plastic Box 22 Cu In,2.9601,BRD000,CLS010
WPBP-1G,1 Gang Weatherproof Blank Plate,1.0879,BRD000,CLS010
LUG-350-1HT,1 Hole Terminal Lug 350 KCMIL (For use in Side-by-Side Meter Can),4.048,BRD000,CLS007
HANDY BOX,"1-1/2"" DEEP",2.09,BRD000,CLS007
SHALLOW HANDY BOX,1-1/4 DEEP,2.09,BRD000,CLS007
DS-158X10,"1-5/8"" x 10' Deep Strut",36.67235,BRD000,CLS007
EMT-100,"1"" EMT",1.59896,BRD000,CLS008
EMT-B-100,"1"" EMT Bushing",0.66196,BRD000,CLS008
EMT-CP-100,"1"" EMT Coupling",0.608,BRD000,CLS008
EMT-SSC-100,"1"" EMT Set Screw Connector",0.53178,BRD000,CLS008
ENT-100,"1"" ENT",0,BRD000,CLS008
KO-100,"1"" KO Seal",0.64025,BRD000,CLS007
LN-100,"1"" Locknut (100)",0.44288,BRD000,CLS011
RS-1H-100,"1"" One Hole Rigid Strap",0.33158,BRD000,CLS007
PB-100,"1"" Plastic Bushing (50)",0.16091,BRD000,CLS007
""1"" Pool Pack"","1"" Pool Pack",0,BRD000,CLS007
PVC-90-100,"1"" PVC 90 (50)",1.63033,BRD000,CLS008
PVC-CP-100,"1"" PVC Coupling (50)",0.36963,BRD000,CLS008
PVC-LB-100,"1"" PVC LB",4.77158,BRD000,CLS008
PVC-MA-100,"1"" PVC Male Adapter (100)",0.66944,BRD000,CLS008
PVC-SCH40-100,"1"" PVC SCH40",0.93365,BRD000,CLS008
SCC-100,"1"" Sheathed Cable Connector",1.48815,BRD000,CLS009
SS-100,"1"" Strut Strap",0.85714,BRD000,CLS007
SB-100,"1"" Stud Bushing",0.22454,BRD000,CLS007
XHHW-1/0-STR-BLK-AL,1/0 Stranded Aluminum,0.53709,BRD000,CLS009
1/14 POOL PVC B2B,1/14 POOL PVC B2B,0,BRD000,CLS008
AF-90-050,"1/2"" 90 Aluminum Flex Connector",1.18556,BRD000,CLS007
NMLT-90-050,"1/2"" 90 Liquid Tight Connector",1.37252,BRD000,CLS007
AF-050,"1/2"" Aluminum Flex Conduit",0.53092,BRD000,CLS008
EMT-050,"1/2"" EMT",0.52472,BRD000,CLS008
EMT-B-050,"1/2"" EMT Bushing",0.11209,BRD000,CLS008
EMT-CP-050,"1/2"" EMT Coupling",0.24519,BRD000,CLS008
EMT-SSC-050,"1/2"" EMT Set Screw Connector",0.19449,BRD000,CLS008
ENT-050,"1/2"" ENT",0.3981,BRD000,CLS008
ENT-CP-050,"1/2"" ENT Coupling (150)",1.00302,BRD000,CLS008
ENT-MA-050,"1/2"" ENT Male Adapter (150)",1.10763,BRD000,CLS008
KO-050,"1/2"" KO Seal",0.28538,BRD000,CLS007
NMLT-050,"1/2"" Liquid Tight (100')",0.57051,BRD000,CLS007
LN-050,"1/2"" Locknut (100)",0.11992,BRD000,CLS011
NMCS-050,"1/2"" NM Cable Staples",0.022,BRD000,CLS009
OFN-050,"1/2"" Offset Nipple",1.76328,BRD000,CLS007
RS-1H-050,"1/2"" One Hole Rigid Strap",0.09425,BRD000,CLS007
PB-050,"1/2"" Plastic Bushing (100)",0.10183,BRD000,CLS007
PVC-90-050,"1/2"" PVC 90 (40)",0.91207,BRD000,CLS008
PVC-CP-050,"1/2"" PVC Coupling (150)",0.19456,BRD000,CLS008
PVC-FA-050,"1/2"" PVC Female Adapter (150)",0.29664,BRD000,CLS008
PVC-LB-050,"1/2"" PVC LB (25)",3.37755,BRD000,CLS008
PVC-MA-050,"1/2"" PVC Male Adapter (200)",0.20468,BRD000,CLS008
PVC-SCH40-050,"1/2"" PVC SCH40",0.49221,BRD000,CLS008
PVC-T-050,"1/2"" PVC T (30)",5.2742,BRD000,CLS008
AF-SC-050,"1/2"" Straight Aluminum Flex Connector",0.6955,BRD000,CLS007
NMLT-SC-050,"1/2"" Straight Liquid Tight Connector",0.9108,BRD000,CLS007
SS-050,"1/2"" Strut Strap",0.79518,BRD000,CLS007
FW-025X125,"1/4"" x 1 1/4"" Fender Washer",0,BRD000,CLS011
HCS-025X1,"1/4"" x 1"" Hex Cap Screw",0.09981,BRD000,CLS011
HN-025-20,"1/4""-20 Hex Nut",0.03276,BRD000,CLS011
SN-025-20,"1/4""-20 Spring Nut",0.46986,BRD044,CLS006
B-025-20X1,"1/4""-20 x 1"" Bolt",0.06393,BRD000,CLS011
LAD-10,10' Ladder,284.625,BRD000,CLS004
10/2NMB-1/1,10/2 Copper Clad,0.40227,BRD000,CLS007
NM-B-10/2-CU-1000,10/2 Romex,0.87263495,BRD000,CLS007
NM-B-10/3-CU-1000,10/3 Romex,1.08659705,BRD000,CLS007
GGS-1032X038,10/32 x 3/8 Green Grounding Screw,0.05718,BRD000,CLS011
LAD-12,12' Ladder,328.9,BRD000,CLS004
TL-12IC-2P,"12"" Tape Light Interconnect Cable 2 Pin",4.03535,BRD000,CLS009
12/2NMB-1/1,12/2 Copper Clad,0.26059,BRD000,CLS007
MC-12/2,12/2 MC,0.73327,BRD000,CLS007
NM-B-12/2-CU-250C,12/2 Romex,0.500143374,BRD000,CLS007
UFDB-12/2,12/2 UF Direct Burial Cable,0.72484,BRD000,CLS009
EC-12/3-100,12/3 100' Extension Cord,91.95285,BRD000,CLS007
EC-12/3-25,12/3 25' Extension Cord,26.29935,BRD000,CLS007
EC-12/3-50,12/3 50'  Extension Cord,50.58735,BRD000,CLS007
12/3NMB-1/1,12/3 Copper Clad,0.36685,BRD000,CLS007
MC-12/3,12/3 MC,0,BRD000,CLS007
DD-12V-30W,12v 30w Dimmable Driver,74.1037,BRD000,CLS007
13 SW 36th PL,13 sw 36th pl,0,BRD000,CLS007
SHS-1316X10,"13/16"" x 10' Shallow Strut",27.81735,BRD000,CLS007
BL14S9C,"14"" Natural Cable Tie",0.041745,BRD000,CLS009
CT-14N,"14"" Natural Cable Tie",0.0506,BRD000,CLS009
NM-B-14/2-CU-250C,14/2 Romex,0.337641056,BRD000,CLS007
MCAS,14/2-12/2 MC Anti-Shorts,0.08506,BRD000,CLS007
NM-B-14/3-CU-250C,14/3 Romex,0.44961895,BRD000,CLS007
EXTLAD-16,16' Extension Ladder,302.335,BRD000,CLS004
REID RESIDENCE,16418 CAPTIVA DRIVE,0,BRD000,CLS007
CN-16D-350,"16D x 3 1/2"" Common Nail",0.0759,BRD000,CLS007
TW-18/2,18/2 Thermostat Wire,0.15818,BRD000,CLS009
PVC-SCH80-250,2 1/2 PVC SCH80,4.2389,BRD000,CLS008
PVC-24RS-250,"2 1/2"" 24"" PVC Radius Sweep",0,BRD000,CLS008
DGB-250,"2 1/2"" Deep Gangable Box",1.88611,BRD000,CLS010
GR-250X10,"2 1/2"" Galvanized Riser 10'",137.56875,BRD000,CLS007
A7518,"2 1/2"" Hub for Meter Can",17.41778,BRD000,CLS007
LN-250,"2 1/2"" Locknut (30)",1.53866,BRD000,CLS011
PB-250,"2 1/2"" Plastic Bushing (10)",0.86399,BRD000,CLS007
PVC-90-250,"2 1/2"" PVC 90",0,BRD000,CLS008
PVC-CP-250,"2 1/2"" PVC Coupling",0,BRD000,CLS008
PVC-MA-250,"2 1/2"" PVC Male Adapter (25)",2.29775,BRD000,CLS008
PVC-SCH40-250-10,"2 1/2"" PVC SCH40 10' Stick",0,BRD000,CLS008
PVC-SCH40-250-20,"2 1/2"" PVC SCH40 20' Stick",0,BRD000,CLS008
SS-250,"2 1/2"" Strut Strap",6.46668,BRD000,CLS007
RS-2H-250,"2 1/2"" Two Hole Rigid Strap",1.30105,BRD000,CLS007
WH-250,"2 1/2"" Weatherhead",73.66095,BRD000,CLS007
BB-2G-3H-05,"2 Gang Bell Box 3 Hole 1/2""",8.36165,BRD000,CLS010
WPBP-2G,2 Gang Weatherproof Blank Plate,2.03665,BRD000,CLS010
LUG-6-250-2HT,2 Hole Terminal Lug #6 AWG - 250 KCMIL,0,BRD000,CLS007
TL-EC2PK,2 Pack End Caps For Tape Light Track (New),1.1638,BRD000,CLS002
TL-MCT2PK,2 Pack Mounting Clips for Tape Light Track (New),1.10055,BRD000,CLS002
24745 marin,2 small boxes,0,BRD000,CLS010
25008 surfh,2 small brown box,0,BRD000,CLS010
24838 surfh,2 small brown box 1 box got delivered on a later date 8/11/25,0,BRD000,CLS010
FDK-LT8G-2-104,2' Led Wrap Light Bulb,9.60135,BRD000,CLS002
FL17T8/841/ECO,2' Wrap Light Bulb,2.710895,BRD000,CLS002
PVC-24RS-200,"2"" 24"" PVC Radius Sweep",31.33405,BRD000,CLS008
CHB-200,"2"" Conduit Hanger with Bolt",1.13989,BRD000,CLS008
EMT-200,"2"" EMT",3.7191,BRD000,CLS008
EMT-B-200,"2"" EMT Bushing",2.11339,BRD000,CLS008
EMT-CP-200,"2"" EMT Coupling",2.36318,BRD000,CLS008
EMT-SSC-200,"2"" EMT Set Screw Connector",2.14213,BRD000,CLS008
FG-200,"2"" Flash Guard",43.01,BRD000,CLS007
GR-200-10,"2"" Galvanized Riser 10'",75.9,BRD000,CLS007
A7517,"2"" Hub for Meter Can",4.56665,BRD000,CLS007
KO-200,"2"" KO Seal",1.67284,BRD000,CLS007
LN-200,"2"" Locknut (50)",0.62365,BRD000,CLS011
NRF-200,"2"" Neoprene Roof Flashing",10.98273,BRD000,CLS007
PB-200,"2"" Plastic Bushing (25)",0.42318,BRD000,CLS007
PVC-45-200,"2"" PVC 45 (15)",4.03155,BRD000,CLS008
PVC-90-200,"2"" PVC 90 (15)",4.23522,BRD000,CLS008
PVC-CP-200,"2"" PVC Coupling (40)",0.6912,BRD000,CLS008
PVC-LB-200,"2"" PVC LB",15.04591,BRD000,CLS008
PVC-LLCP-200,"2"" PVC Long Line Coupling (15)",3.52935,BRD000,CLS008
PVC-LR-200,"2"" PVC LR",18.6461,BRD000,CLS008
PVC-MA-200,"2"" PVC Male Adapter (50)",0.72793,BRD000,CLS008
2-IN-PVC-SCH40,"2"" PVC SCH40",2.738472,BRD000,CLS008
PVC-SCH40-200-10,"2"" PVC SCH40 10' Stick",1.9442,BRD000,CLS008
PVC-SCH40-200-20,"2"" PVC SCH40 20' Stick",2.07691,BRD000,CLS008
PVC-SCH80-200-10,"2"" PVC SCH80",3.2701,BRD000,CLS008
SER-CC-200,"2"" SER Cable Connector",4.60156,BRD000,CLS009
SS-200,"2"" Strut Strap",1.6445,BRD000,CLS007
RS-2H-200,"2"" Two Hole Rigid Strap",0.73876,BRD000,CLS007
WH-200,"2"" Weatherhead",10.84105,BRD000,CLS007
SDSCH-2X12,"2"" x 12"" Chisel SDS Max",30.9925,BRD000,CLS007
XHHW-2/0-STR-BLK-AL,2/0 Stranded Aluminum,0.63475,BRD000,CLS009
UA2716-ZGF,200A 2 Position Meter Socket,405.82465,BRD000,CLS007
U7040-XL-TG-HSP,200A Meter Socket,82.225,BRD000,CLS007
200A Side by Side Meter (Duplex Service),200A Side by Side Meter (Duplex Service),0,BRD000,CLS007
EMP27060,"24"" Heavy Duty Magnetic Sweep",137.885,BRD000,CLS007
TL-24IC-2P,"24"" Tape Light Interconnect Cable 2 Pin",5.3889,BRD000,CLS009
DD-24V-200W,24v 200w Dimmable Driver,192.28,BRD000,CLS007
DD-24V-30W,24v 30w Dimmable Driver,77.165,BRD000,CLS007
DD-24V-60W,24v 60w Dimmable Driver,117.645,BRD000,CLS007
DD-24V-96W,24v 96w Dimmable Driver,121.44,BRD000,CLS007
STLWW100,24v Tape Light,6.46415,BRD000,CLS002
TL-24V,24v Tape Light,4.11125,BRD000,CLS002
XHHW-250-STR-BLK-AL,250 KCMIL Black Stranded Aluminum,1.1171,BRD000,CLS009
24683 marin,3 boxes / large and 2 small,0,BRD000,CLS010
MB-3G,3 Gang Metal Box,0,BRD000,CLS010
MR-3G,3 Gang Mudring,0,BRD044,CLS006
SW 9733SW8809,3' Pigtail,9.378858823,BRD000,CLS007
PVC-24RS-300,"3"" 24"" PVC Radius Sweep",0,BRD000,CLS008
LN-300,"3"" Locknut (25)",1.81553,BRD000,CLS011
PB-300,"3"" Plastic Bushing (10)",0.97443,BRD000,CLS007
PVC-90-300,"3"" PVC 90",0,BRD000,CLS008
PVC-CP-300,"3"" PVC Coupling",0,BRD000,CLS008
PVC-MA-300,"3"" PVC Male Adapter (15)",3.13467,BRD000,CLS008
PVC-SCH40-300,"3"" PVC SCH40",4.57238,BRD000,CLS008
PVC-SCH80-300,"3"" PVC SCH80",7.03125,BRD000,CLS008
RS-2H-300,"3"" Two Hole Rigid Strap",1.84576,BRD000,CLS007
PVC-SCH80-075,3/4 PVC SCH80,1.67182,BRD000,CLS008
AF-90-075,"3/4"" 90 Aluminum Flex Connector",1.80895,BRD000,CLS007
NMLT-90-075,"3/4"" 90 Liquid Tight Connector",1.87296,BRD000,CLS007
AF-075,"3/4"" Aluminum Flex Conduit",0.71574,BRD000,CLS008
EMT-075,"3/4"" EMT",0.92947,BRD000,CLS008
EMT-B-075,"3/4"" EMT Bushing",0.17799,BRD000,CLS008
EMT-CP-075,"3/4"" EMT Coupling",0.38947,BRD000,CLS008
EMT-SSC-075,"3/4"" EMT Set Screw Connector",0.31625,BRD000,CLS008
ENT-075,"3/4"" ENT",0.60884,BRD000,CLS008
ENT-CP-075,"3/4"" ENT Coupling (100)",1.02263,BRD000,CLS008
ENT-MA-075,"3/4"" ENT Male Adapter (100)",2.50672,BRD000,CLS008
SDSGRD-075,"3/4"" Ground Rod Driver SDS Max",61.985,BRD000,CLS007
KO-075,"3/4"" KO Seal",0.33927,BRD000,CLS007
NMLT-075,"3/4"" Liquid Tight (100')",0.69575,BRD000,CLS007
LN-075,"3/4"" Locknut (100)",0.1647,BRD000,CLS011
RS-1H-075,"3/4"" One Hole Rigid Strap",0.25072,BRD000,CLS007
PB-075,"3/4"" Plastic Bushing (100)",0.09791,BRD000,CLS007
""3/4"" Pool Pack"","3/4"" Pool Pack",0,BRD000,CLS007
PVC-90-075,"3/4"" PVC 90 (40)",1.0225,BRD000,CLS008
PVC-CC-075,"3/4"" PVC Conduit Cap (150)",1.57998,BRD000,CLS008
PVC-CP-075,"3/4"" PVC Coupling (100)",0.22669,BRD000,CLS008
PVC-FA-075,"3/4"" PVC Female Adapter (100)",0.38734,BRD000,CLS008
PVC-LB-075,"3/4"" PVC LB (25)",4.33389,BRD000,CLS008
PVC-MA-075,"3/4"" PVC Male Adapter (150)",0.33084,BRD000,CLS008
PVC-SCH40-075,"3/4"" PVC SCH40",0.63077,BRD000,CLS008
PVC-T-075,"3/4"" PVC T (20)",6.38635,BRD000,CLS008
SCC-075,"3/4"" Sheathed Cable Connector",0.95027,BRD000,CLS009
AF-SC-075,"3/4"" Straight Aluminum Flex Connector",1.42009,BRD000,CLS007
NMLT-SC-075,"3/4"" Straight Liquid Tight Connector",1.23464,BRD000,CLS007
SS-075,"3/4"" Strut Strap",0.68853,BRD000,CLS007
RW-075X050,"3/4"" x 1/2"" Reducing Washer",0.1141,BRD000,CLS011
SDSDB-075X23,"3/4"" x 23"" Single Tipped SDS Max Drill Bit",47.4375,BRD000,CLS004
MC-90-038,"3/8"" MC 90 Connector",0.95836,BRD000,CLS007
MC-DS-038,"3/8"" MC Duplex Straight Connector",3.30747,BRD000,CLS007
MC-SC-038,"3/8"" MC Straight Connector",0.97468,BRD000,CLS007
MC-1H-038,"3/8"" One Hole MC Strap",0.10788,BRD000,CLS007
UAP5864-X-HSP,320A Meter Socket,460.80155,BRD000,CLS007
XHHW-350-STR-BLK-AL,350 KCMIL Black Stranded Aluminum,1.39495,BRD000,CLS009
CTL4,4 AWG Crimp,11.22055,BRD000,CLS007
MB-4G,4 Gang Metal Box,0,BRD000,CLS010
MR-4G,4 Gang Mudring,0,BRD044,CLS006
LAD-4,4' Ladder,115.66654,BRD000,CLS004
FDK-LT8G-F1-4-184,4' Led Wrap Light Bulb,9.80375,BRD000,CLS002
TL-4FT-FL,4' Lighting Track with Frosted Lens and Endcaps,10.7525,BRD000,CLS002
FL32T8/841/ECO,4' Wrap Light Bulb,2.2011,BRD000,CLS002
IC104RAT,"4"" IC Rated Remodel Housing",0,BRD000,CLS007
4O-150D,"4"" Octagon 1 1/2"" Deep",0,BRD000,CLS007
4P-LFB,"4"" Plastic L-Shaped Fan Box",3.542,BRD000,CLS010
4M-RCP,"4"" Round Ceiling Pan",1.72698,BRD000,CLS007
4S-150D,"4"" Square 1 1/2""",1.25007,BRD000,CLS007
4S-SMBR150D,"4"" Square 1 1/2"" Box with Side Bracket",0,BRD000,CLS010
4S-125S,"4"" Square 1 1/4"" Shallow Box",3.14707,BRD000,CLS010
MR-1G,"4"" Square 1 Gang Mudring",0.65413,BRD044,CLS006
4S-218D,"4"" Square 2 1/8"" Deep Box",1.70775,BRD000,CLS010
MR-2G,"4"" Square 2 Gang Mudring",1.2206,BRD044,CLS006
4S-BP,"4"" Square Blank Plate",0.50347,BRD000,CLS010
4S-DRS,"4"" Square Decora RS Cover",2.57725,BRD049,CLS001
4S-ER,"4"" Square Extension Ring",2.05487,BRD044,CLS006
4S-3050RS,"4"" Square RS 30/50A Cover",3.84484,BRD000,CLS010
4S-S20RS,"4"" Square Single 20A RS Cover",1.75177,BRD000,CLS010
4S-BR150D,"4"" Square with Bracket",2.92215,BRD000,CLS007
XHHW-4/0-STR-BLK-AL,4/0 Stranded Aluminum,1.04368,BRD000,CLS009
4/2NMB-7/1,4/2 Copper Clad,1.67992,BRD000,CLS007
4/3NMB-7/1,4/3 Copper Clad,0,BRD000,CLS007
ECNR400,400A 250V RK5 TD Fuse,0,BRD000,CLS007
400A Back to Back Service (Siemens),400A Back to Back Service (Siemens),0,BRD048,CLS001
400A Back to Back Service (Square D),400A Back to Back Service (Square D),0,BRD049,CLS001
400A Back to Back Service Siemens with 320A Meter Can,400A Back to Back Service Siemens with 320A Meter Can,0,BRD048,CLS001
400A Back to Back Service Square D with 320A Meter Can,400A Back to Back Service Square D with 320A Meter Can,0,BRD049,CLS001
40125EN3-05,40125EN3-05,41.6438,BRD000,CLS007
LINE 44,"44"" Line Shield",22.77,BRD000,CLS007
GC-M5G,5 Gallon Metal Gas Can,99.935,BRD000,CLS007
MB-5G,5 Gang Metal Box,0,BRD000,CLS010
MR-5G,5 Gang Mudring,0,BRD044,CLS006
GR-058X8,"5/8"" x 8' Galvanized Ground Rod",16.4197,BRD000,CLS007
XHHW-500-STR-BLK-AL,500 KCMIL Black Stranded Aluminum,2.02273,BRD000,CLS009
5HV052BZD,5HV052BZD,148.005,BRD000,CLS007
MB-6G,6 Gang Metal Box,0,BRD000,CLS010
MR-6G,6 Gang Mudring,29.47,BRD044,CLS006
FPS-632X2,"6-32 x 2"" Flat Phillips Screw",0.05439,BRD000,CLS011
FPS-632X3,"6-32 x 3"" Flat Phillips Screw",0.1265,BRD000,CLS011
LAD-6,6' Ladder,137.885,BRD000,CLS004
PT-6FT,6' Pigtail,5.3975,BRD000,CLS007
SW 9736SW8809,6' Pigtail,5.397829412,BRD000,CLS007
IC206RAT,"6"" IC Rated Remodel Housing",10.12,BRD000,CLS007
6/2NMB-7/1,6/2 Copper Clad,1.24982,BRD000,CLS007
NM-B-6/2-CU-1000R,6/2 Romex,2.05436,BRD000,CLS007
6/3NMB-7/1,6/3 Copper Clad,1.582515,BRD000,CLS007
NM-B-6/3-CU-500,6/3 Romex,3.72669,BRD000,CLS007
LS-60,"60"" Line Shield",22.77,BRD000,CLS007
6678 yomama,6678 yomama,0,BRD000,CLS007
PVC-JB-664,6x6x4 PVC J-Box,26.84246,BRD000,CLS008
BANJO-8,7-1/2' Concrete Banjo,154.2035,BRD000,CLS007
SMCT-7,"7"" Screw Mount Cable Tie",0.05427,BRD000,CLS009
PMTS-8X075,"8 x 3/4"" Phillips Modified Truss Screw",0.03795,BRD000,CLS011
PMTS-8X056,"8 x 9/16"" Phillips Modified Truss Screw",0.0253,BRD000,CLS011
FPS-832X2,"8-32 x 2"" Flat Phillips Head",0.06325,BRD000,CLS007
LAD-8,8' Ladder,183.425,BRD000,CLS004
8/2NMB-7/1,8/2 Copper Clad,0.59961,BRD000,CLS007
NM-B-8/2-CU-1000R,8/2 Romex,1.45471205,BRD000,CLS007
8/3NMB-7/1,8/3 Copper Clad,0.975315,BRD000,CLS007
NM-B-8/3-CU-1000R,8/3 Romex,2.0479591,BRD000,CLS007
8038-71,8038-71,37.95,BRD000,CLS007
BULB-A19,A19 Led Bulb,1.78365,BRD000,CLS002
THQL1115DF,ABB 115AF/GFI,0,BRD001,CLS001
THQL1120,ABB 120,0,BRD001,CLS001
THQL1120AF2,ABB 120AF,0,BRD001,CLS001
THQL1120DF,ABB 120AF/GFI,0,BRD001,CLS001
PCC4020,ABB 200A Main Lug Panel 40S/40C,0,BRD001,CLS001
TSMR820CSFLFMG,ABB 200A Meter Main Combo,0,BRD001,CLS001
THQL2130,ABB 230,0,BRD001,CLS001
THQL2130GFT,ABB 230GFI,0,BRD001,CLS001
THQL2150,ABB 250,0,BRD001,CLS001
THQL2150GFT2,ABB 250GFI,0,BRD001,CLS001
THQLSURGE2,ABB Surge Protector,0,BRD001,CLS001
SPRL052424L40WV,AFX 2' Led Wrap Light,35.0405,BRD056,CLS002
SPRL054836L40MV,AFX 4' Led Wrap Light,42.99735,BRD056,CLS002
QD6-30WH,"American Lighting 6"" Quick Disc LED",7.90625,BRD002,CLS002
ULRL-LED-WW-150,American Lighting Led Rope Light 3000k,2.69926,BRD002,CLS002
RL-LED-CONKIT-1.6AMP,American Lighting Rope Light Starter,14.8511,BRD002,CLS002
TLCONKIT,American Lighting Tape Light Connector with Lead,8.43755,BRD002,CLS002
FA101,Arlington 1 Gang Adjustable Box 21 Cu In,5.85695,BRD003,CLS003
BE1X,Arlington 1 Gang Box Extender with Larger Flange,2.29547,BRD003,CLS003
NM94,"Arlington 1/2"" Romex Push Connector",0.19114,BRD003,CLS003
146,"Arlington 2 1/2"" Weatherhead",39.5186,BRD003,CLS003
NM95,"Arlington 3/4"" Romex Push Connector",0.37115,BRD003,CLS003
CED130,Arlington Cable Entrance Device with Slotted Cover,4.99131,BRD003,CLS003
CP3540,Arlington Inviso Plate,2.3529,BRD003,CLS003
DBVM1W,Arlington Stucco Box White,20.24,BRD003,CLS003
SB13,Arlington Stud Bushing,0,BRD003,CLS003
AMESEA-55GRAYC24,ASI 55 Gray Hybrid Caulk,6.69185,BRD004,CLS005
AMESEA-502CLC24,ASI Clear Silicone,8.58935,BRD004,CLS005
ET-BLK,Black Electrical Tape,0.8855,BRD000,CLS005
CRAYON,Black Lumber Crayon,1.1132,BRD000,CLS007
1057 BLUE HERON DR - TRI-TOWN,BLUE HERON DR - TRI-TOWN,0,BRD000,CLS007
560-DC2,"Bridgeport 3/8"" MC Straight Connector",0.648692,BRD005,CLS003
US-4461,"Bridgeport 3/8"" MC Strap",0.158125,BRD005,CLS003
P5212-20,Bronze Flood Light,36.685,BRD000,CLS002
BGC-2STR,Bronze Ground Clamp #2 STR AWG (25),4.87025,BRD000,CLS007
TAPE-BEDT,"""Buried Electric Detection Tape 1","000' Roll"",BRD000,CLS005
DIV-03005,"BWF 1/2"" 90 Liquid Tight Connector",0,BRD006,CLS005
DIV-03008,"BWF 3/4"" 90 Liquid Tight Connector",0,BRD006,CLS005
DIV-03006,"BWF 3/4"" Straight Liquid Tight Connector",0,BRD006,CLS005
CSTACKER,Cable Stacker,0.3795,BRD000,CLS009
BULB-CANDLE,Candelabra LED Bulb,3.04865,BRD000,CLS002
EZ74TM,Cantex 3 Gang Plastic Bracket Box 74 Cu in,4.26305,BRD007,CLS003
5140044,"Cantex 3/4"" PVC Female Adapter",0.39570465,BRD007,CLS003
DIV-04001,Cantex Single Plastic Bracket Box Gang 20 Cu in,0,BRD007,CLS003
CAR CHARGER MISC,CAR CHARGER MISC,0,BRD000,CLS007
12005-200,"Carlon 1/2"" ENT 200'",0.64685775,BRD008,CLS003
12007-100,"Carlon 3/4"" ENT 100'",0.990242,BRD008,CLS003
CAT5E,Cat5e,0.10269,BRD000,CLS007
PSB118-B,Centaur 1 Gang Plastic Box 18 CU,1.25235,BRD009,CLS003
WI 1200,"Centaur 1/2"" Plastic Pop In Connector",0.1878525,BRD009,CLS003
PSB232-B,Centaur 2 Gang Plastic Box 32 CU IN,1.8975,BRD009,CLS003
PSB344,Centaur 3 Gang Plastic Box 44 CU IN,3.036,BRD009,CLS003
ENT07100,"Centaur 3/4"" ENT",0.8256655,BRD009,CLS003
WI 1202,"Centaur 3/4"" Plastic Pop In Connector",0.444015,BRD009,CLS003
PSB455,Centaur 4 Gang Plastic Box 55 CU IN,4.9335,BRD009,CLS003
PSBR20-BHA,Centaur Plastic Bar Hanger 20 CU IN,3.1625,BRD009,CLS003
PSBR20,Centaur Plastic Round Nail On 20 CU IN,1.6445,BRD009,CLS003
Chair lug,Chair lug,0,BRD000,CLS007
CL4-14AWG,Chair Lug #4-#14AWG,0.8349,BRD000,CLS007
63991,Clear Metal Roof Sealent,13.90235,BRD000,CLS008
GLASSES-CLR,Clear Safety Glasses,0,BRD000,CLS007
CW-STRP-01,Copperweld Wire Strippers,0,BRD000,CLS009
TB-316X3,"Dewalt Toggle Bolts 3/16 x 3""",0.21505,BRD010,CLS004
SAWB-6M,"Diablo 6"" Metal Sawzall Blade",2.63069,BRD011,CLS004
SAWB-6W,"Diablo 6"" Wood Sawzall Blade",2.63069,BRD011,CLS004
DBCK-WH,Doorbell Chime Kit with Transformer,13.5102,BRD000,CLS007
DPIN,Drive Pins,0.13282,BRD000,CLS007
TAPE-DUCT,Duct Tape,5.55335,BRD000,CLS005
DS200H2,"Eaton 2"" Hub",24.6675,BRD012,CLS001
ECCVH200R,Eaton 200A Disconnect,271.975,BRD012,CLS001
TP269,"Eaton 4"" Round Ceiling Pan",3.935415,BRD012,CLS001
TP404,"Eaton 4"" Square",1.0161745,BRD012,CLS001
TP484,"Eaton 4"" Square 1 Gang Mudring",0.6123865,BRD012,CLS001
TP498,"Eaton 4"" Square 2 Gang Mudring",1.2243935,BRD012,CLS001
TP472,"Eaton 4"" Square Blank Plate",0.46552,BRD012,CLS001
TP403,"Eaton 4"" Square Deep Box",2.284843,BRD012,CLS001
TP428,"Eaton 4"" Square Extension Ring",2.2864875,BRD012,CLS001
TP408,"Eaton 4"" Square Shallow Box",1.941522,BRD012,CLS001
HP816P400BSL,Eaton 400A Meter Main Combo,1391.5,BRD012,CLS001
CHFN120DF,Eaton CH 120 AF/GFI,93.42025,BRD012,CLS001
TP513,Eaton Decora RS Cover,1.9097705,BRD012,CLS001
TP614,"Eaton Handy Box 1/2"" KO Plate",1.252097,BRD012,CLS001
TP514,Eaton Single Outlet RS Cover,1.7043345,BRD012,CLS001
RF9601DW,Eaton Z-Wave Switch,72.59624,BRD012,CLS001
Void,Edwards Chime Kit,0,BRD013,CLS006
LED-SL-PNL-4SQ-3P12W-5CCT-WH,"Envision 4"" Slim Square Wafer 5CCT",16.36657,BRD014,CLS002
LED-SL-PNL-6SQ-3P15W-5CCT-WH,"Envision 6"" Slim Square Wafer 5CCT",20.55625,BRD014,CLS002
F4P14-50W,"F4P 14"" Cable Tie",0.041745,BRD015,CLS007
CES632X2FHPMSZJ,"F4P 6-32 x 2"" Flat Phillips Screw",0.0411125,BRD015,CLS007
F4P FOAM,F4P Expanding Foam,6.26175,BRD015,CLS007
FOAM-FIRE,Fire Foam,8.53875,BRD000,CLS007
FIREPUTTY,Fire Putty,5.78864,BRD000,CLS007
FT-4X75,"Flashing Tape 4"" x 75'",46.79235,BRD000,CLS005
FDK-A19-F3-9W-30K,Fudakin LED A19 Bulb,1.8722,BRD016,CLS002
GCN-200X12,"Galvanized Conduit Nipple 2"" x 12""",25.54351,BRD000,CLS008
6788 DANAH,GARY WILLIAMS,0,BRD000,CLS007
GEN-TS-200A,Generac 200A Transfer Switch,966.7383,BRD057,CLS006
591361S-15,Generation Lighting 2' LED Wrap Light,31.30875,BRD017,CLS002
591321S-15,Generation Lighting 4' LED Wrap Light,36.54585,BRD017,CLS002
59132LE-15,Generation Lighting 4' Wrap Light,30.67625,BRD017,CLS002
4421603-112,Generation Lighting Black 3 Bulb Vanity,74.2555,BRD017,CLS002
4421604-112,Generation Lighting Black 4 Bulb Vanity,97.0255,BRD017,CLS002
88200-12,Generation Lighting Black Coach Light,31.91595,BRD017,CLS002
89031-12,Generation Lighting Black Coach Light,92.345,BRD017,CLS002
7567EN3-32,Generation Lighting Black Dog House,12.7006,BRD017,CLS002
8607-12,Generation Lighting Black Flood Light,25.2747,BRD017,CLS002
8102-12,Generation Lighting Black Post,56.65935,BRD017,CLS002
82200EN-12,Generation Lighting Black Post Head,59.455,BRD017,CLS002
89129-12,Generation Lighting Black Post Head,82.8575,BRD017,CLS002
4428903-710,Generation Lighting Bronze 3 Bulb Vanity,65.78,BRD017,CLS002
4428904-710,Generation Lighting Bronze 4 Bulb Vanity,83.49,BRD017,CLS002
4428903-962,Generation Lighting Brushed Nickel 3 Bulb Vanity,64.3885,BRD017,CLS002
4428904-962,Generation Lighting Brushed Nickel 4 Bulb Vanity,81.719,BRD017,CLS002
77064-962,Generation Lighting Brushed Nickel Deco Mushroom,15.0282,BRD017,CLS002
4402803-05,Generation Lighting Chrome 3 Bulb Vanity,51.95355,BRD017,CLS002
4737-05,Generation Lighting Chrome 3 Bulb Vanity,10.05675,BRD017,CLS002
4402804-05,Generation Lighting Chrome 4 Bulb Vanity,67.7692125,BRD017,CLS002
4738-05,Generation Lighting Chrome 4 Bulb Vanity,12.65,BRD017,CLS002
4440403-848,Generation Lighting Gold 3 Bulb Vanity,88.55,BRD017,CLS002
4440404-848,Generation Lighting Gold 4 Bulb Vanity,103.73,BRD017,CLS002
8520701EN3-12,Generation Lighting Modern Black Coach Light,0,BRD017,CLS002
8592-12,Generation Lighting Small Black Coach Light,9.1333,BRD017,CLS002
14540S-15,Generation Lighting Traverse LED,10.7525,BRD017,CLS002
14230S-15,Generation Lighting Traverse LED (New),10.7525,BRD017,CLS002
8607-15,Generation Lighting White Flood Light,0,BRD017,CLS002
PL24V-30-W,GM Lighting 24v Puck Light Slim,21.56825,BRD018,CLS002
ET-GRN,Green Electrical Tape,0.8855,BRD000,CLS005
PAINT-G,Green Spray Paint,4.28835,BRD000,CLS007
GRAC-058,"Ground Rod Acorn Clamp 5/8""",4.3941,BRD000,CLS007
GB2-6AWG,Grounding Bridge #2 - #6 AWG,7.72915,BRD000,CLS007
HALCO 82170,Halco BR30 Flood Style Bulb,3.14985,BRD019,CLS002
HALCO 80986,Halco R20 LED Bulb,9.37365,BRD019,CLS002
HB-COVER05KO,"Handy Box Cover 1/2"" KO",1.14245,BRD000,CLS010
1565BZ,Hinkley 12v Bronze Step Light,74.666625,BRD020,CLS006
S1TFCBRS,Hubbell Brass Quad Floor Outlet Plate,0,BRD021,CLS006
S1PFB,Hubbell Round Plastic Floor Box Quad,0,BRD021,CLS006
WP5220C,Intermatic Double Bubble Cover,13.19395,BRD022,CLS006
K4321C,Intermatic Photocell,18.8738,BRD022,CLS006
WP5100C,Intermatic Single Bubble Cover,7.084,BRD022,CLS006
JL-6500,Jet Line 6500',63.0729,BRD060,CLS004
JUL-5000K-SMLED,Jullison 5000k Surface Mount LED,8.2225,BRD023,CLS006
4U30K12WHT,"Kichler 12"" Under Cabinet Light",47.09595,BRD024,CLS002
10573WH,"Kichler 21"" Interconnect Cable",14.10475,BRD024,CLS002
4U30K22WHT,"Kichler 22"" Under Cabinet Light",57.4057,BRD024,CLS002
4U30K30WHT,"Kichler 30"" Under Cabinet Light",72.8387,BRD024,CLS002
49830OZ,Kichler 49830OZ (CR),0,BRD024,CLS002
49961AVI,Kichler 49961AVI (CO),0,BRD024,CLS002
43873WHLED30,"Kichler 6"" Surface Mount LED",0,BRD024,CLS002
4U30K08WHT,"Kichler 8"" Under Cabinet Light",39.8475,BRD024,CLS002
9246AZ,""Kichler 9246AZ (MO",CN,BRD024,CLS002
9776BK,Kichler 9776BK (West Indies and Low Country),0,BRD024,CLS002
KLEIN 56341,Klein Steel Fish Tape 240',120.36475,BRD025,CLS004
LEDMD4R3A800ST9SC3WH,"LEDVANCE 4"" Round Slim Microdisk 5CCT",12.903,BRD026,CLS002
LEDMD6R3A1200ST9SC3WH,"LEDVANCE 6"" Round Slim Microdisk 5CCT",16.78655,BRD026,CLS002
TPJ13-W,Legrand 1 Gang Blank Plate,0.326897084,BRD027,CLS001
TPJ26-W,Legrand 1 Gang Plate,0.326876,BRD027,CLS001
RWP26W,Legrand 1 Gang Screwless Plate,0,BRD027,CLS001
TP23-W,Legrand 2 Gang Blank Plate,0.674666666,BRD027,CLS001
TPJ82-W,Legrand 2 Gang Duplex Plate,0.633006,BRD027,CLS001
TPJ262-W,Legrand 2 Gang Plate,0.656788,BRD027,CLS001
RWP262W,Legrand 2 Gang Screwless Plate,0,BRD027,CLS001
CR20-W,Legrand 20A Duplex Outlet,2.08725,BRD027,CLS001
TR5351-W,Legrand 20A Single Outlet,3.0866,BRD027,CLS001
TPJ263-W,Legrand 3 Gang Plate,0.9784775,BRD027,CLS001
RWP263W,Legrand 3 Gang Screwless Plate,0,BRD027,CLS001
TM873-W,Legrand 3 Way Switch,1.9734,BRD027,CLS001
3864,Legrand 30A Flush Mount Outlet,4.69315,BRD027,CLS001
TPJ264-W,Legrand 4 Gang Plate,1.254627,BRD027,CLS001
RWP264W,Legrand 4 Gang Screwless Plate,0,BRD027,CLS001
TM874-W,Legrand 4 Way Switch,6.578,BRD027,CLS001
TP265-W,Legrand 5 Gang Plate,15.3571,BRD027,CLS001
RWP265W,Legrand 5 Gang Screwless Plate,0,BRD027,CLS001
WH20GB506TR,Legrand 5' Plug Mold White,125.95605,BRD027,CLS001
3894,Legrand 50A Flush Mount Outlet,5.0347,BRD027,CLS001
3854,Legrand 50A Surface Mount Outlet,7.2864,BRD027,CLS001
TP266-W,Legrand 6 Gang Plate,26.2086495,BRD027,CLS001
RWP266W,Legrand 6 Gang Screwless Plate,0,BRD027,CLS001
TP26-BK,Legrand Black 1 Gang Plate,0.3358575,BRD027,CLS001
885TRBK,Legrand Black Decora Outlet,2.3782,BRD027,CLS001
TP8-BK,Legrand Black Duplex Plate,0,BRD027,CLS001
TPCATV-W,Legrand Cable Plate,1.390488,BRD027,CLS001
TPTELTV-W,Legrand Cable/Telephone Combo Plate,6.578,BRD027,CLS001
885TRW,Legrand Decora Outlet,1.9734,BRD027,CLS001
S3862-C,Legrand Dryer Plate,2.28965,BRD027,CLS001
3232-TREXW,Legrand Duplex Outlet with Pressure Plates,1.0626,BRD027,CLS001
3232-TRWRW,Legrand Duplex Outlet WR,2.2264,BRD027,CLS001
TPJ8-W,Legrand Duplex Plate,0.326876,BRD027,CLS001
276-WH,Legrand Keyless,1.91015,BRD027,CLS001
WP3401-WH,Legrand ON-Q 1 Port Plate,1.4168,BRD027,CLS001
WP3402-WH,Legrand ON-Q 2 Port Plate,1.518,BRD027,CLS001
ENP42805-NA,Legrand ON-Q Plastic Enclosure,68.2594,BRD027,CLS001
WP3479-WH,Legrand ON-Q RG6 Connector,1.50282,BRD027,CLS001
WP3450-WH-50,Legrand ON-Q RJ45 Connector,4.247111,BRD027,CLS001
WH2010A2,Legrand Plug Mold Starter,11.44825,BRD027,CLS001
RHCL453PW,Legrand Radiant Dimmer,27.71615,BRD027,CLS001
S3713-W,Legrand Recessed Single Outlet 15A,12.1946,BRD027,CLS001
TPJ7-W,Legrand Single Outlet Plate,0.3343395,BRD027,CLS001
RCD11W,Legrand Single Pole Stack Switch,29.28475,BRD027,CLS001
TM870-W,Legrand Single Pole Switch,1.4168,BRD027,CLS001
TPTE1-W,Legrand Telephone Plate,1.8469,BRD027,CLS001
1597TRW,Legrand TR GFI,14.4716,BRD027,CLS001
R26USBAC6W,Legrand USB Outlet,35.68565,BRD027,CLS001
1597TRWRW,Legrand WR GFI,15.39505,BRD027,CLS001
PJ13-W,Leviton 1 Gang Blank Plate,0,BRD028,CLS001
PJ26-W,Leviton 1 Gang Plate,0,BRD028,CLS001
LB115-T,Leviton 115,0,BRD028,CLS001
LB115-DFT,Leviton 115AF/GFI,0,BRD028,CLS001
LB120-T,Leviton 120,0,BRD028,CLS001
LB120-DFT,Leviton 120AF/GFI,0,BRD028,CLS001
PJ23-W,Leviton 2 Gang Blank Plate,0,BRD028,CLS001
PJ262-W,Leviton 2 Gang Plate,0,BRD028,CLS001
LSPD2-TR,Leviton 2 Pole 20A Surge Breaker,0,BRD028,CLS001
LS820-BTD,Leviton 200A Meter Main Combo,0,BRD028,CLS001
T5020-W,Leviton 20A Single Outlet,0,BRD028,CLS001
LB220-T,Leviton 220,0,BRD028,CLS001
LB220-G,Leviton 220GFI,0,BRD028,CLS001
LB225-T,Leviton 225,0,BRD028,CLS001
LP422-LPD,Leviton 225A Main Lug Panel 42S,0,BRD028,CLS001
LB225-G,Leviton 225GFI,0,BRD028,CLS001
LB230-T,Leviton 230,0,BRD028,CLS001
LB230-G,Leviton 230GFI,0,BRD028,CLS001
LB235-T,Leviton 235,0,BRD028,CLS001
LB235-G,Leviton 235GFI,0,BRD028,CLS001
LB240-T,Leviton 240,0,BRD028,CLS001
LB240-G,Leviton 240GFI,0,BRD028,CLS001
LB245-T,Leviton 245,0,BRD028,CLS001
LB245-G,Leviton 245GFI,0,BRD028,CLS001
LB250-T,Leviton 250,0,BRD028,CLS001
LB250-G,Leviton 250GFI,0,BRD028,CLS001
LB260-T,Leviton 260,0,BRD028,CLS001
LB260-G,Leviton 260GFI,0,BRD028,CLS001
PJ263-W,Leviton 3 Gang Plate,0,BRD028,CLS001
5603-2W,Leviton 3 Way Switch,0,BRD028,CLS001
278-S00,Leviton 30A Flush Mount Outlet,0,BRD028,CLS001
PJ264-W,Leviton 4 Gang Plate,0,BRD028,CLS001
279-S00,Leviton 50A Flush Mount Outlet,0,BRD028,CLS001
55050-P00,Leviton 50A Surface Mount Outlet,0,BRD028,CLS001
VBTR1-1W,Leviton Decora Evolve 15 Amp Receptacle Base,0,BRD028,CLS001
VBCS1-1W,Leviton Decora Evolve Multiway Companion Switch Base,0,BRD028,CLS001
VBPS1-1W,Leviton Decora Evolve Multiway Primary Switch Base,0,BRD028,CLS001
VBSS1-1W,Leviton Decora Evolve Single-Pole Switch Base,0,BRD028,CLS001
T5325-W,Leviton Decora Outlet,0,BRD028,CLS001
4934,Leviton Dryer Plate,0,BRD028,CLS001
T5320-W,Leviton Duplex Outlet,0,BRD028,CLS001
W5320-TOW,Leviton Duplex Outlet WR,0,BRD028,CLS001
PJ8-W,Leviton Duplex Plate,0,BRD028,CLS001
DHS05-1LW,Leviton Fan Control Switch,34.5005474,BRD028,CLS001
LDC42,Leviton Panel Cover 42S,0,BRD028,CLS001
PJ7-W,Leviton Single Outlet Plate,0,BRD028,CLS001
5601-2W,Leviton Single Pole Switch,0,BRD028,CLS001
GFTR1-W,Leviton TR GFI,0,BRD028,CLS001
T5638-20W,Leviton USB Outlet,0,BRD028,CLS001
10174WH,Lighting Track,12.58675,BRD000,CLS002
10179,Lighting Track Diffuser,7.5647,BRD000,CLS002
EU2C M6,Lithonia Emergency Light,0,BRD029,CLS002
EXRG EL M6,Lithonia Red/Green Exit Light,0,BRD029,CLS002
C5EU2102,Logico CAT 5E,0,BRD030,CLS006
PPKG1WWH,Lutron Pico Dimmer Kit,63.25,BRD031,CLS006
PICO-WBX-ADAPT,Lutron Pico Remote Wall Bracket,10.15795,BRD031,CLS006
DVCL153PWH,Lutron Slide Dimmer,26.88125,BRD031,CLS006
MAKHR4002,"Makita 1 9/16"" Rotary Hammer",593.285,BRD032,CLS004
9052SWSN,Maxim 9052SWSN,111.32,BRD033,CLS006
9053SWSN,Maxim 9053SWSN,155.1143,BRD033,CLS006
9054SWSN,Maxim 9054SWSN,192.28,BRD033,CLS006
DISCO-60ANF,Metal 60A Non-Fused Disconnect,12.65,BRD000,CLS007
ANCHORS,Metal Anchor Kit Jar (50),14.5475,BRD000,CLS007
MFB-150D,"Metal Fan Box 1 1/2"" Deep",0,BRD000,CLS010
MFB-050D,"Metal Fan Box 1/2"" Deep",4.50256,BRD000,CLS010
U1252-X-HSP,Milbank 200A 2 Position Meter Can,0,BRD034,CLS001
S8324,Milbank Hub Adapter Plate,12.4223,BRD034,CLS001
MORTOR,Mortar Mix 60lb,11.06875,BRD000,CLS007
LED-FXBFD20/850/WH,NaturaLed Motion Flood Light,67.225895,BRD035,CLS002
No Service Keyless Pack,No Service Keyless Pack,0,BRD000,CLS007
NOOX,Noox-x Oxide Inhibitor,10.51215,BRD000,CLS007
BK115LWH,NuTone Chime Kit,18.3678,BRD036,CLS006
OL8701ORB,OL8701ORB,31.94125,BRD000,CLS007
1 Gang Plastic Shallow Box,Old Work Shallow Box,2.11,BRD000,CLS010
OS-1020,OS 1 Gang Cut-in Box,0.81614005,BRD000,CLS010
OS-B01R,OS 1 Gang Plastic Bracket Box,0.64515,BRD000,CLS010
OS-02R,OS 2 Gang Plastic Bracket Box,1.42945,BRD000,CLS010
OS-03DN,OS 3 Gang Plastic Bracket Box,4.868985,BRD000,CLS010
OS-04DN,OS 4 Gang Plastic Bracket Box,1.7963,BRD000,CLS010
OS-06N,OS Round Bar Hanger Box,1.8975,BRD000,CLS010
OS-05N,OS Round Nail on Box,0.87285,BRD000,CLS010
Overhead Extended Service (Siemens),Overhead Extended Service (Siemens),0,BRD048,CLS001
Overhead Extended Service (Square D),Overhead Extended Service (Square D),0,BRD049,CLS001
S1-18-W,P&S 1 Gang Cut-in Box,2.069793,BRD037,CLS003
P122-B,P&S 1 Gang Plastic Bracket Box 22 Cu in,1.02465,BRD037,CLS003
S1-22-S50,P&S 1 Gang Plastic Bracket Box 22 Cu In with QC Offset Bracket,2.19351,BRD037,CLS003
S2-32-W,P&S 2 Gang Cut-in Box,3.9974,BRD037,CLS003
S3-52-W,P&S 3 Gang Cut-In Box,8.48815,BRD037,CLS003
S3-54-S50AC,P&S 3 Gang Plastic Bracket Box 54 Cu in,3.776531,BRD037,CLS003
S4-68-S50AC,P&S 4 Gang Plastic Bracket Box 68 Cu in,5.5815595,BRD037,CLS003
S1-20-HAC,P&S Bar Hanger,4.1738675,BRD037,CLS003
C1-18-WAC,P&S Round Cut-in Box,4.180825,BRD037,CLS003
S1-20-RAC,P&S Round Nail On Box,1.661704,BRD037,CLS003
PD5SDVWH,Pico On/Off Master Switch,94.33105,BRD038,CLS006
PJ22BGWHL01,Pico Remote On/Off,23.9085,BRD038,CLS006
PT-4-14,Polaris Tap AWG 4-14,14.7499,BRD039,CLS006
PT-6-350,Polaris Tap AWG 6-350,17.79855,BRD039,CLS006
Pool Kit Collier,Pool Kit Collier,0,BRD000,CLS007
Pool with Metermain Kit,Pool with Metermain Kit,0,BRD000,CLS007
P730011-030-30,Progress 2' LED Wrap Light,62.73135,BRD040,CLS002
P4440-09,Progress 3 Bulb Dining Chandelier Brushed Nickel,62.70605,BRD040,CLS002
P2606-31,"Progress 36"" Fan Downrod Black",44.969485,BRD040,CLS002
P2606-09,"Progress 36"" Fan Downrod Brushed Nickel",44.969485,BRD040,CLS002
P730012-030-30,Progress 4' LED Wrap Light,85.6405,BRD040,CLS002
P810012-028-30,"Progress 5 1/2"" Surface Mount LED",13.06745,BRD040,CLS002
P4441-09,Progress 5 Bulb Dining Chandelier Brushed Nickel,81.9214,BRD040,CLS002
P807001-028-30,"Progress 6"" Led Wafer Light",0,BRD040,CLS002
P806N-N-MD-ICAT,"Progress 6"" New Construction Housing",10.4489,BRD040,CLS002
P810013-028-30,"Progress 7 1/4"" Surface Mount LED",18.323525,BRD040,CLS002
P700000-028-30,"Progress 9"" Under Cabinet Light",31.1696,BRD040,CLS002
p400298-163,progress island pendant chandaleer vintage brass,545,BRD040,CLS002
p5196-163,progress pendant light vintage brass,0,BRD040,CLS002
BROOM,Push Broom,31.94125,BRD000,CLS007
PVC-GLUE,PVC Glue,12.0428,BRD000,CLS008
QO1PA,QO 1 Pole Breaker Lock,3.4155,BRD000,CLS007
QOADV1PAF,QO 1 Pole Breaker Lock (New),15.87575,BRD000,CLS007
QO2100,QO 100,37.53255,BRD000,CLS007
QO115,QO 115,4.33895,BRD000,CLS007
QO115PCAFI,QO 115AF,44.94545,BRD000,CLS007
QO115PAFGF,QO 115AF/GFI,51.1313,BRD000,CLS007
QO120,QO 120,4.33895,BRD000,CLS007
QO120PCAFI,QO 120AF,44.94545,BRD000,CLS007
QO120PAFGF,QO 120AF/GFI,51.1313,BRD000,CLS007
QO1PL,QO 2 Pole Breaker Lock,3.4155,BRD000,CLS007
GFI2PA,QO 2 Pole GFI Breaker Lock,0,BRD000,CLS007
QDL22200,QO 200A Breaker (For 400A Meter/Main Combo),218.32635,BRD000,CLS007
QO220,QO 220,9.6646,BRD000,CLS007
QO220GFI,QO 220GFI,99.26455,BRD000,CLS007
QO225,QO 225,9.6646,BRD000,CLS007
QO230,QO 230,9.6646,BRD000,CLS007
QO230GFI,QO 230GFI,99.26455,BRD000,CLS007
QO235,QO 235,9.6646,BRD000,CLS007
QO240,QO 240,9.6646,BRD000,CLS007
QO240GFI,QO 240GFI,99.26455,BRD000,CLS007
QO245,QO 245,9.6646,BRD000,CLS007
QO250,QO 250,9.6646,BRD000,CLS007
QO250GFI,QO 250GFI,0,BRD000,CLS007
QO260,QO 260,9.6646,BRD000,CLS007
QO280,QO 280,31.8021,BRD000,CLS007
QO290,QO 290,31.8021,BRD000,CLS007
QO340,QO 3 Pole 40A Breaker,71.2195,BRD000,CLS007
PKSB1QOBF,QO Back Fed Barrier,4.77,BRD000,CLS007
QOCGK2C,QO Interlock Kit,35.20495,BRD000,CLS007
QO2175SB,QO Surge Breaker,84.4767,BRD000,CLS007
861,"Raco 1/2"" KO Handy Box Cover",0.816937,BRD041,CLS003
500,"Raco 2 1/2"" Deep Gangable",2.48783755,BRD041,CLS003
2691,"Raco 3/8"" 90 MC Connector",1.0252825,BRD041,CLS003
2191,"Raco 3/8"" MC Straight Connector",0.43572925,BRD041,CLS003
2081,"Raco 3/8"" MC Strap",0.158125,BRD041,CLS003
810C,Raco 30A/50A RS Cover,2.748592,BRD041,CLS003
203,"Raco 4"" Square Extension Ring",2.427282,BRD041,CLS003
185,"Raco 4"" Square Shallow Box",2.250603666,BRD041,CLS003
808C,Raco Decora RS Cover,1.87979,BRD041,CLS003
2611,"Raco MC 3/8"" Duplex Connector",1.193907,BRD041,CLS003
801C,Raco Single 20A RS Cover,2.027720588,BRD041,CLS003
WNREZK50WH,Radiant Easy 3 Way Dimmer Kit,97.9616,BRD042,CLS006
WNREZK10WH,Radiant Easy 3 Way Switch Kit,85.77965,BRD042,CLS006
WNREZK15WH,Radiant Easy Switched Outlet Kit,110.67485,BRD042,CLS006
ET-RD,Red Electrical Tape,0.8855,BRD000,CLS005
TAPE-STUCCO,Red Stucco Tape,8.08335,BRD000,CLS005
WNUT-R,Red Wire Nut,0.03543,BRD000,CLS009
NN14-50,"Regal 14"" Natural Cable Tie",0.0492085,BRD043,CLS007
RG6,RG6,0.09251,BRD000,CLS007
RG6-TC,RG6 Twist-on Connector,0.36685,BRD000,CLS007
8VR1P6-0EN0,Ring Video Doorbell,263.199695,BRD044,CLS006
BB-RND1G-5H-050,"Round Bell Box 5 Hole 1/2""",6.52335,BRD000,CLS010
GC 3020,RPP 30A 20' Generator Cord,77.165,BRD045,CLS006
GPWRB30,RPP 30A Power Inlet Box,48.07,BRD045,CLS006
GC 5020,RPP 50A 20' Generator Cord,242.88,BRD045,CLS006
GPWRB50,RPP 50A Power Inlet Box,70.84,BRD045,CLS006
WC CAT5E350YB,RPP CAT 5E,0,BRD045,CLS006
GFCI15STTR-WH,RPP TR GFI,13.2825,BRD045,CLS006
GFCI15STTRWR-WH,RPP WR GFI,15.18,BRD045,CLS006
A3684,Satco Candelabra Bulbs,0.69575,BRD046,CLS007
ENT 12200,"Scepter 1/2"" ENT",0.704099,BRD047,CLS005
8644,"Scepter 2"" 24"" Radius Sweep",33.054197,BRD047,CLS005
ENT 34100,"Scepter 3/4"" ENT",1.0169335,BRD047,CLS005
SCP-INVISO,Screwless Ceiling Plate,1.98845,BRD000,CLS011
CCLAYTE,SDS Max Clay Spade,126.5,BRD000,CLS007
GLOVES,Seamless Knit Gloves,4.41485,BRD000,CLS007
TOLL BROTHERS 55,SELBY RGH,0,BRD059,CLS002
SER-2-2-2-4-AL,SER 2-2-2-4 Aluminum,1.739375,BRD000,CLS007
SER 4-4-4-6-CU,SER 4-4-4-6 Copper,8.19667,BRD000,CLS007
SER-4/0-4/0-4/0-2/0-AL,SER 4/0-4/0-4/0-2/0,4.00459785,BRD000,CLS007
SF76-131 MUSHROOM DECO,SF76-131 MUSHROOM DECO,0,BRD000,CLS007
HB-150DSH,"Shallow Handy Box 1 1/2"" Deep",0,BRD000,CLS010
ECHS125,"Siemens 1 1/4"" Hub",11.42295,BRD048,CLS001
ECPLD1,Siemens 1 Pole Breaker Lock,4.4275,BRD048,CLS001
ECHS100,"Siemens 1"" Hub",0,BRD048,CLS001
Q115,Siemens 115,4.08595,BRD048,CLS001
QA115AFCN,Siemens 115AF,35.58445,BRD048,CLS001
Q115DFN,Siemens 115AF/GFI,41.7703,BRD048,CLS001
Q120,Siemens 120,4.08595,BRD048,CLS001
QA120AFCN,Siemens 120AF,35.58445,BRD048,CLS001
Q120DFN,Siemens 120AF/GFI,41.7703,BRD048,CLS001
QF120AN,Siemens 120GFI,41.15045,BRD048,CLS001
SNW1212L1125,Siemens 125A 12 Space Outdoor Main Lug Panel,76.19095,BRD048,CLS001
W0408ML1125,Siemens 125A 4 Space Outdoor Main Lug Panel,50.89095,BRD048,CLS001
Q2125,Siemens 125A Breaker,66.2354,BRD048,CLS001
QN2150H,Siemens 150A Breaker 22 KAIC,95.6087,BRD048,CLS001
ECHS250,"Siemens 2 1/2"" Hub",26.39549,BRD048,CLS001
ECPLD2,Siemens 2 Pole Breaker Lock,6.48945,BRD048,CLS001
ECHS200,"Siemens 2"" Hub",16.445,BRD048,CLS001
PNW0816L1200TC,Siemens 200A 8 Space Outdoor Main Lug Panel,123.57532,BRD048,CLS001
MBK200A,Siemens 200A Main Breaker,64.6921,BRD048,CLS001
W0202MB1200CU,Siemens 200A Main Breaker Enclosure,169.3582,BRD048,CLS001
PN4040L1200C,Siemens 200A Main Lug Panel 40S/40C,106.0829,BRD048,CLS001
MC0816B1200RTH,Siemens 200A Meter Main Combo,206.71365,BRD048,CLS001
MC0816B1200RCT,Siemens 200A Meter Main Combo (Vertical),261.855,BRD048,CLS001
QN2200,Siemens 200A Plug On Breaker 10KAIC,55.5082,BRD048,CLS001
QN2200H,Siemens 200A Plug On Breaker 22KAIC,95.6087,BRD048,CLS001
Q215,Siemens 215,8.18455,BRD048,CLS001
QF215A,Siemens 215GFI,84.9068,BRD048,CLS001
Q220,Siemens 220,8.18455,BRD048,CLS001
QF220A,Siemens 220GFI,84.9068,BRD048,CLS001
Q225,Siemens 225,8.18455,BRD048,CLS001
PN4264L1225C,Siemens 225A Main Lug Panel 42S/64C,116.6583,BRD048,CLS001
PN5482L1225C,Siemens 225A Main Lug Panel 54S/82C (New),301.61395,BRD048,CLS001
QF225A,Siemens 225GFI,84.9068,BRD048,CLS001
Q230,Siemens 230,8.18455,BRD048,CLS001
QF230A,Siemens 230GFI,84.9068,BRD048,CLS001
Q235,Siemens 235,8.18455,BRD048,CLS001
QF235A,Siemens 235GFI,84.9068,BRD048,CLS001
Q240,Siemens 240,8.18455,BRD048,CLS001
QF240A,Siemens 240GFI,84.9068,BRD048,CLS001
Q245,Siemens 245,8.18455,BRD048,CLS001
QF245A,Siemens 245GFI,84.9068,BRD048,CLS001
Q250,Siemens 250,8.18455,BRD048,CLS001
QF250A,Siemens 250GFI,84.9068,BRD048,CLS001
Q260,Siemens 260,8.18455,BRD048,CLS001
QF260A,Siemens 260GFI,84.9068,BRD048,CLS001
Q270,Siemens 270,24.4651,BRD048,CLS001
Q280,Siemens 280,33.28215,BRD048,CLS001
Q290,Siemens 290,33.28215,BRD048,CLS001
GNF322RA,Siemens 3 Phase 60A Safety Switch,149.58625,BRD048,CLS001
WPK4312RJ,Siemens 3 Stack Meter,1355.83965,BRD048,CLS001
MC0816B1400RLTM,Siemens 400A Meter Main Combo,598.56005,BRD048,CLS001
WP6612RJ,Siemens 6 Stack Meter,0,BRD048,CLS001
WN2060,Siemens 60A Non-Fused Disconnect,11.87835,BRD048,CLS001
ECQF3,Siemens Filler Plate,3.70645,BRD048,CLS001
ECSBPK03,Siemens Interlock Kit,119.68165,BRD048,CLS001
ECSBPK05,Siemens Interlock Kit for Meter Main Combo,0,BRD048,CLS001
SIEMENS LABEL,Siemens Panel Label,0,BRD048,CLS001
Sikaflex-1A,Sikaflex Black Polyurethane Sealent,12.03015,BRD000,CLS008
K1540L,Single Teardrop Lug for 320A,0,BRD000,CLS007
TOLL BROTHERS 200,SOLANA RGH,0,BRD000,CLS007
DIV-04008,Southwire 4 Gang Plastic Box 74 Cu in,0,BRD000,CLS009
B125,"Square D 1 1/4"" Hub",8.76645,BRD049,CLS001
SQWS140001WH,Square D 1 Gang Blank Plate,0.2024,BRD049,CLS001
SQWS141001WH,Square D 1 Gang Plate,0.2024,BRD049,CLS001
QOM2150MVH,Square D 150A Main Breaker,218.0354,BRD049,CLS001
SQWS140002WH,Square D 2 Gang Blank Plate,0.44275,BRD049,CLS001
SQWS141002WH,Square D 2 Gang Plate,0.51865,BRD049,CLS001
B200,"Square D 2"" Hub",21.13815,BRD049,CLS001
QBL22200,Square D 200A Breaker (For Q22200NRB),105.5263,BRD049,CLS001
Q2200MRBE,Square D 200A Disconnect (With Internal Breaker),211.7863,BRD049,CLS001
QOM2200VH,Square D 200A Main Breaker,63.3512,BRD049,CLS001
QC816F200C,Square D 200A Meter Main Combo,173.2544,BRD049,CLS001
SQR42201WH,Square D 20A Duplex Outlet,3.0107,BRD049,CLS001
QO142L225PG,Square D 225A Main Panel,65.6788,BRD049,CLS001
QOM22225NRB,Square D 225A Outdoor Breaker Enclosure,120.7822,BRD049,CLS001
SQWS141003WH,Square D 3 Gang Plate,0.6072,BRD049,CLS001
MPR43200,Square D 3 Stack Meter,469.8463,BRD049,CLS001
SQR14130XX,Square D 3 Way Switch,1.5686,BRD049,CLS001
SQR46301BK,Square D 30A Dryer Outlet,4.41485,BRD049,CLS001
SQWS141004WH,Square D 4 Gang Plate,0.82225,BRD049,CLS001
MPR64200,Square D 4 Stack Meter,611.46305,BRD049,CLS001
PK4GTA,Square D 4 Terminal Ground Bar Kit,2.71975,BRD049,CLS001
SQR-14-141-XX,Square D 4 Way Switch,4.4781,BRD049,CLS001
D225NR,Square D 400A Fused Disconnect Nema 3R,0,BRD049,CLS001
QU12L400SL,Square D 400A Meter Main Combo,814.52085,BRD049,CLS001
SQWS141005WH,Square D 5 Gang Plate,1.4927,BRD049,CLS001
SQR46501BK,Square D 50A Flush Mount Outlet,4.66785,BRD049,CLS001
QO816L100RB,Square D 8 Space 100A Sub Panel,60.20135,BRD049,CLS001
PK9GTA,Square D 9 Terminal Ground Bar Kit,3.37755,BRD049,CLS001
QOFP,Square D Breaker Blank Plate,1.1385,BRD049,CLS001
SQR87C01WH,Square D Cable Outlet,1.2397,BRD049,CLS001
SQR44103WH,Square D Decora Outlet,1.6445,BRD049,CLS001
SQWS461011WH,Square D Dryer Plate,0.6325,BRD049,CLS001
SQR-42-103-WH,Square D Duplex Outlet,0.89815,BRD049,CLS001
SQWS-42-2011-WH,Square D Duplex Plate,0.2024,BRD049,CLS001
PKOGTA2,Square D Ground Lug Kit (2/0 AWG),0,BRD049,CLS001
CMELK4,Square D High Amperage Feed Lug Kit (For 400A Meter/Main Combo),34.31945,BRD049,CLS001
Q22200NRB,Square D Outdoor Breaker Enclosure,99.9856,BRD049,CLS001
QOC42UF,Square D Panel Cover,20.3665,BRD049,CLS001
4020513002K,Square D Panel Screw,0.65274,BRD049,CLS001
SQWS-83-211-XX,Square D Single Gang Bubble Cover,5.65455,BRD049,CLS001
SQWS422001WH,Square D Single Outlet Plate,0.49335,BRD049,CLS001
SQR-14-103-WH,Square D Single Pole Switch,1.12585,BRD049,CLS001
SQR16100WH,Square D Switch Faceplate,0.240603,BRD049,CLS001
SQR87T01WH,Square D Telephone Outlet,1.1891,BRD049,CLS001
SQR51101WH,Square D TR GFI,12.9789,BRD049,CLS001
SQR-87-CT-1-WH,Square D TV/Telephone Outlet,3.32695,BRD049,CLS001
SQR55141WH,Square D USB Outlet,24.0097,BRD049,CLS001
SQR51103WH,Square D WR GFI,13.2066,BRD049,CLS001
Standard ABB Well Kit,Standard ABB Well Kit,0,BRD001,CLS001
Standard Leviton Well Kit,Standard Leviton Well Kit,0,BRD028,CLS001
P3410-30,Standard Mushroom Light,19.62015,BRD000,CLS002
Standard Siemens Well Kit,Standard Siemens Well Kit,0,BRD048,CLS001
Standard Square D Well Kit,Standard Square D Well Kit,0,BRD049,CLS001
STUD,Stud Punch,253,BRD000,CLS007
UAT437-XGF,Talon 200A Meter Socket,0,BRD050,CLS001
CSRT25DWT,Tamlite 24v 25w Driver,120.175,BRD051,CLS002
TRRRT70DWT,Tamlite 24v 70w Driver,129.03,BRD051,CLS002
CSRT96DWT,Tamlite 24v 96w Driver,136.62,BRD051,CLS002
IC104AT,"Tamlite 4"" New Construction Housing",12.65,BRD051,CLS002
CLY4-5CCTA/WH,"Tamlite 4"" Round Slim Disk Wafer 5CCT",16.445,BRD051,CLS002
CLY4SQ-5CCTA/WH,"Tamlite 4"" Slim Square Wafer CCT",25.3,BRD051,CLS002
IC206ATQ,"Tamlite 6"" New Construction Housing",8.349,BRD051,CLS002
CLY6-5CCTA/WH,"Tamlite 6"" Round Slim Disk Wafer 5CCT",16.445,BRD051,CLS002
CLY6SQ-5CCTA/WH,"Tamlite 6"" Slim Square Wafer CCT",26.565,BRD051,CLS002
CMS2180WH,Tamlite LED Motion Flood Light,63.56625,BRD051,CLS002
WNUT-T,Tan Wire Nut,0,BRD000,CLS009
TAP-025-125,"Tapcon 1/4"" x 1 1/4"" (100)",0.08463,BRD000,CLS007
TAP-025-275,"Tapcon 1/4"" x 2 3/4"" (100)",0,BRD000,CLS007
Tape Light With Tracks,Tape Light With Tracks,0,BRD000,CLS002
TLTB-TT-1,Tape to Tape Terminal Block,2.024,BRD000,CLS005
TLTB-TW-1,Tape to Wire Terminal Block,2.024,BRD000,CLS009
THHN-8-STR-BLK-500,THHN-8-STR-BLK-500,0.4556,BRD000,CLS009
TIEWIRE,Tie Wire,0,BRD000,CLS009
229915,Tite Bond Gray Sealant,7.40025,BRD000,CLS005
909,"Topaz 1 1/2"" x 1 1/4"" Reducing Washer",0.3409175,BRD052,CLS005
902,"Topaz 1"" x 3/4"" Reducing Washer",0.18975,BRD052,CLS005
KO50,"Topaz 1/2"" KO Seal",0.492338,BRD052,CLS005
913,"Topaz 2"" x 1 1/4"" Reducing Washer",0.6252895,BRD052,CLS005
926,"Topaz 3"" x 2"" Reducing Washer",1.2805595,BRD052,CLS005
900,"Topaz 3/4"" x 1/2"" Reducing Washer",0.0765325,BRD052,CLS005
RR205WWR,Trade Select 250v 20A Single Outlet WR,5.0347,BRD053,CLS006
RF406ALU,Trade Select Aluminum Floor Outlet,46.79235,BRD053,CLS006
RF406BR,Trade Select Brass Floor Outlet,53.8131,BRD053,CLS006
RF400,Trade Select Plastic Floor Box,12.86758,BRD053,CLS006
TRENCHSHOVEL,Trenching Shovel,41.70705,BRD000,CLS007
1057 BLUE HERON DR.,TRI TOWN,0,BRD000,CLS007
Tru-Fuel 6525638,Tru-Fuel 50/1 32OZ,10.38565,BRD058,CLS007
Copy of Upgraded Siemens Well kit,Upgraded Siemens Well kit,0,BRD048,CLS001
Upgraded Siemens Well kit,Upgraded Siemens Well kit,0,BRD048,CLS001
Upgraded Square D Well kit,Upgraded Square D Well kit,0,BRD049,CLS001
V6ICNWG,"Vulite 6"" New Construction Housing",8.76645,BRD054,CLS002
TREMCO-960712323,Vulkem Gray Caulk,7.45085,BRD055,CLS005
ET-WH,White Electrical Tape,0.8855,BRD000,CLS005
HARDHAT,White Hard Hat,11.75185,BRD000,CLS007
24738 marin,white small box,0,BRD000,CLS010
24786 marin,white small box,0,BRD000,CLS010
24889 marin,white small box,0,BRD000,CLS010
25007 surf,white small box,0,BRD000,CLS010
WLUBE,Wire Lube,11.06875,BRD000,CLS009
WNUT-Y,Yellow Wire Nut,0.02816,BRD000,CLS009
